"Name","State","Notes","User","Tags","Created","Runtime","Sweep","__cached__setup_devices","adam_epsilon","data_dir","dataloader_drop_last","debug","do_eval","do_predict","do_train","eval_steps","evaluate_during_training","finetuning_iters","fp16","fp16_opt_level","gradient_accumulation_steps","learning_rate","local_rank","logging_dir","logging_first_step","logging_steps","max_grad_norm","max_seq_length","max_steps","model_name_or_path","no_cuda","num_train_epochs","output_dir","overwrite_output_dir","past_index","per_device_eval_batch_size","per_device_train_batch_size","per_gpu_train_batch_size","save_steps","seed","task_name","tpu_metrics_debug","warmup_steps","weight_decay","Training time","epoch","eval_acc","eval_loss","finetuning_time","finetuning_time_list","inference_time","inference_time_list","loss","eval_acc_and_f1","eval_corr","eval_f1","eval_mcc","eval_pearson","eval_spearmanr"
"genial-sweep-45","finished","-","anna_korotkova","","2020-08-02T09:54:05.000Z","29607","b01o28w9","[""cpu"",0]","0.000001","/home/ubuntu/RTE","false","false","true","false","true","1000","true","5","false","O1","1","0.00005","-1","runs/Aug02_09-54-07_anna-gpu","false","50","1","512","-1","xlnet-base-cased","false","1","/tmp/RTE/","true","-1","8","32","","500","42","RTE","false","0","0.01","","1","0.5703971119133574","0.6802924496786935","5722.656490564346","[5722.656490564346,5794.506454706192,5833.606500148773,5878.6398866176605,6060.7582223415375]","1.4817781448364258","[8.962891340255737,8.904890775680542,9.504831552505491,9.189239978790283,9.468816041946411,9.270256996154783,9.317703008651732,9.442980766296388,9.236732959747314,9.358442068099976,9.353561401367188,8.439528942108154,8.34056568145752,9.39372444152832,9.016098260879517,8.97512412071228,8.768440008163452,8.867535829544067,9.21786117553711,8.723739385604858,8.417160034179688,7.965611219406128,7.98590874671936,8.392827987670898,8.442697525024414,9.09659194946289,8.860358476638794,8.721399545669556,8.496207475662231,8.63402009010315,9.2637300491333,8.640625476837158,8.491714239120483,8.79950761795044,1.4817781448364258]","0.5211741161346436","","","","","",""
"woven-sweep-44","finished","-","anna_korotkova","","2020-08-02T02:13:53.000Z","27605","b01o28w9","[""cpu"",0]","0.000001","/home/ubuntu/RTE","false","false","true","false","true","1000","true","5","false","O1","1","0.00005","-1","runs/Aug02_02-13-54_anna-gpu","false","50","1","512","-1","xlnet-base-cased","false","1","/tmp/RTE/","true","-1","8","16","","500","42","RTE","false","0","0.01","","1","0.6389891696750902","0.6402864890439169","5387.580598831177","[5687.879673242569,5447.817379951477,5407.565269708633,5387.580598831177,5408.800839185715]","1.542426824569702","[7.492891788482666,7.247292280197144,7.391687870025635,7.532394170761108,7.343814611434936,7.311316013336182,7.415820598602295,7.483554601669312,7.444274425506592,7.357501745223999,7.44689416885376,7.220892667770386,7.373307466506958,7.462755441665649,7.527662992477417,7.446041107177734,7.636234998703003,7.503680944442749,7.54073691368103,7.543596982955933,7.514218807220459,7.197009325027466,7.508795022964477,7.274397373199463,7.420297145843506,7.364671468734741,7.06096076965332,7.4252471923828125,7.175277233123779,7.479424953460693,7.0146660804748535,7.2589874267578125,7.3006696701049805,7.198160171508789,1.542426824569702]","0.6460443830490112","","","","","",""
"zany-sweep-43","finished","-","anna_korotkova","","2020-08-01T16:43:36.000Z","34214","b01o28w9","[""cpu"",0]","0.000001","/home/ubuntu/RTE","false","false","true","false","true","1000","true","5","false","O1","1","0.00005","-1","runs/Aug01_16-43-37_anna-gpu","false","50","1","512","-1","xlnet-base-cased","false","1","/tmp/RTE/","true","-1","8","8","","500","42","RTE","false","0","0.01","","1","0.5379061371841155","0.6898051602499825","6667.964992046356","[6667.964992046356,6810.8962225914,6741.611685991287,6972.604430675507,6757.063389778137]","1.4244134426116943","[7.381500244140625,7.03728461265564,7.1315977573394775,6.961969375610352,7.245834589004517,7.481147050857544,7.19983696937561,7.04997181892395,7.33079981803894,7.423032760620117,7.144782781600952,7.278228759765625,6.98625636100769,7.344103813171387,7.430231332778931,7.3949034214019775,7.097307205200195,7.239619970321655,7.246473789215088,7.35942268371582,7.218029499053955,7.263425827026367,7.306916952133179,7.199155569076538,7.541311740875244,7.1083290576934814,7.232629060745239,7.264571666717529,7.205999135971069,7.206729412078857,7.2066662311553955,7.30936598777771,7.08921217918396,7.311955451965332,1.4912946224212646,7.128085613250732,7.16065788269043,7.231649160385132,7.400365829467773,7.213649749755859,7.338168144226074,7.266129970550537,7.067715644836426,7.253220319747925,7.047078847885132,7.353612184524536,7.200371503829956,7.366934776306152,7.488444089889526,7.217996835708618,7.168331623077393,7.342748165130615,7.309285640716553,7.259966850280762,7.141743183135986,7.284844875335693,7.105332374572754,7.193970680236816,7.217421770095825,7.1045615673065186,7.386885166168213,7.203874349594116,7.24822473526001,7.113889455795288,7.336756706237793,7.565053462982178,7.511605978012085,7.390459060668945,7.301559925079346,1.4244134426116943]","0.7013255774974823","","","","","",""
"wild-sweep-42","finished","-","anna_korotkova","","2020-08-01T13:34:51.000Z","11319","b01o28w9","[""cpu"",0]","0.000001","/home/ubuntu/RTE","false","false","true","false","true","1000","true","5","false","O1","1","0.00005","-1","runs/Aug01_13-34-52_anna-gpu","false","50","1","512","-1","albert-base-v1","false","1","/tmp/RTE/","true","-1","8","32","","500","42","RTE","false","0","0.01","","1","0.6462093862815884","0.6172475099563599","2037.4596571922305","[2037.4596571922305,2344.7015726566315,2290.6220977306366,2285.544445991516,2276.9372551441193]","1.3808751106262207","[1.8780913352966309,1.9442737102508545,2.0865018367767334,2.229259967803955,2.105717897415161,2.3061718940734863,2.1361474990844727,2.193885564804077,2.2504570484161377,2.2582743167877197,2.271066665649414,2.378934621810913,2.2152810096740723,1.9479470252990725,2.1174635887145996,2.1496543884277344,1.9825408458709717,2.1461381912231445,2.1687564849853516,2.236931562423706,1.945601224899292,2.0098512172698975,2.210750102996826,2.0626730918884277,1.8957386016845703,2.059546947479248,2.1679911613464355,2.1399447917938232,2.297163486480713,2.1735212802886963,2.150357484817505,2.270848035812378,2.1710853576660156,2.2144675254821777,1.3808751106262207]","0.43221166253089904","","","","","",""
"worthy-sweep-41","finished","-","anna_korotkova","","2020-08-01T11:40:47.000Z","6837","b01o28w9","[""cpu"",0]","0.000001","/home/ubuntu/RTE","false","false","true","false","true","1000","true","5","false","O1","1","0.00005","-1","runs/Aug01_11-40-48_anna-gpu","false","50","1","512","-1","albert-base-v1","false","1","/tmp/RTE/","true","-1","8","16","","500","42","RTE","false","0","0.01","","1","0.6678700361010831","0.6209371677466802","1348.3245961666107","[1365.830849647522,1348.3245961666107,1362.168417930603,1357.2525844573977,1367.0580537319183]","0.5715088844299316","[0.9086735248565674,0.7742633819580078,0.8121316432952881,0.7864618301391602,0.8044242858886719,0.8263635635375977,0.8278086185455322,0.746147871017456,0.7755882740020752,0.745516300201416,0.7607223987579346,0.7421481609344482,0.7279753684997559,0.8633644580841064,0.9975829124450684,0.9999375343322754,0.7592122554779053,0.7023143768310547,0.7785718441009521,0.7409646511077881,0.7939088344573975,0.7912325859069824,0.764920711517334,0.68996262550354,0.6784639358520508,0.6760556697845459,0.7590126991271973,0.8016951084136963,0.7819244861602783,0.6906318664550781,0.7115294933319092,0.8133137226104736,0.7541134357452393,0.7235496044158936,0.5715088844299316]","0.5244675767421723","","","","","",""
"easy-sweep-40","finished","-","anna_korotkova","","2020-08-01T09:30:02.000Z","7839","b01o28w9","[""cpu"",0]","0.000001","/home/ubuntu/RTE","false","false","true","false","true","1000","true","5","false","O1","1","0.00005","-1","runs/Aug01_09-30-03_anna-gpu","false","50","1","512","-1","albert-base-v1","false","1","/tmp/RTE/","true","-1","8","8","","500","42","RTE","false","0","0.01","","1","0.6606498194945848","0.6088550899709974","1540.342039823532","[1579.5874280929563,1565.2142300605774,1549.3274705410004,1567.1841559410095,1540.342039823532]","0.49126148223876953","[0.851618766784668,0.7473540306091309,0.7937049865722656,0.8272855281829834,0.7845587730407715,0.7743644714355469,0.7776749134063721,0.8071274757385254,0.845228910446167,0.7132351398468018,0.8298811912536621,0.7800986766815186,0.745427131652832,0.7340774536132812,0.7276520729064941,0.7410099506378174,0.7801918983459473,0.8602497577667236,0.872889518737793,0.9515902996063232,0.82293701171875,0.7390329837799072,0.6584222316741943,0.9331412315368652,0.8101189136505127,0.7904224395751953,0.7200384140014648,0.797105073928833,0.9363958835601808,0.8631687164306641,0.7160675525665283,0.8327887058258057,0.7568717002868652,0.8102788925170898,0.5923552513122559,0.7808301448822021,0.7103042602539062,0.736356258392334,0.7245945930480957,0.7318181991577148,0.7075531482696533,0.7143774032592773,0.6794469356536865,0.6963574886322021,0.7552692890167236,0.6813898086547852,0.7638301849365234,0.6907055377960205,0.7057304382324219,0.6944313049316406,0.7220919132232666,0.8391306400299072,0.7566001415252686,0.797487735748291,0.7168128490447998,0.8915159702301025,0.983022689819336,0.8081984519958496,0.7742891311645508,0.7575976848602295,0.7151064872741699,0.7452607154846191,0.845116138458252,0.6622302532196045,0.6990251541137695,0.6762027740478516,0.6855614185333252,0.7295644283294678,0.6734251976013184,0.49126148223876953]","0.5065836811065674","","","","","",""
"daily-sweep-39","finished","-","anna_korotkova","","2020-08-01T06:14:35.000Z","11725","b01o28w9","[""cpu"",0]","0.000001","/home/ubuntu/RTE","false","false","true","false","true","1000","true","5","false","O1","1","0.00005","-1","runs/Aug01_06-14-36_anna-gpu","false","50","1","512","-1","roberta-base","false","1","/tmp/RTE/","true","-1","8","32","","500","42","RTE","false","0","0.01","","1","0.6425992779783394","0.6642187135560172","2235.8650221824646","[2258.6934535503387,2235.8650221824646,2393.523049592972,2388.345150232315,2398.054586172104]","0.5765414237976074","[0.8473320007324219,0.7524728775024414,0.9893503189086914,1.004134178161621,0.9747872352600098,1.0154943466186523,0.9636096954345704,0.9767246246337892,1.2599053382873535,1.055509090423584,0.999842643737793,0.8665187358856201,0.9681758880615234,0.829993486404419,1.2184481620788574,0.8946197032928467,0.8596093654632568,0.9737160205841064,0.7773463726043701,0.8147737979888916,0.9155349731445312,0.8299391269683838,1.020480394363403,1.3757998943328855,1.155056715011597,1.021826982498169,0.8567156791687012,0.8699111938476562,1.0426547527313232,0.8577423095703125,0.8165020942687988,1.0183022022247314,1.3342764377593994,0.9152655601501464,0.5765414237976074]","0.5058074223995209","","","","","",""
"easy-sweep-38","finished","-","anna_korotkova","","2020-08-01T04:16:16.000Z","7092","b01o28w9","[""cpu"",0]","0.000001","/home/ubuntu/RTE","false","false","true","false","true","1000","true","5","false","O1","1","0.00005","-1","runs/Aug01_04-16-17_anna-gpu","false","50","1","512","-1","roberta-base","false","1","/tmp/RTE/","true","-1","8","16","","500","42","RTE","false","0","0.01","","1","0.6028880866425993","0.6677847266197204","1383.704354763031","[1452.2344007492063,1383.704354763031,1390.0265464782717,1413.604662656784,1409.6883964538574]","0.529141902923584","[0.951678991317749,0.8293566703796387,0.6926009654998779,0.6808454990386963,0.6946628093719482,0.8029580116271973,0.9378342628479004,0.7995338439941406,0.7422630786895752,0.8001372814178467,0.7316019535064697,0.7491250038146973,0.7076740264892578,0.7811782360076904,0.8426852226257324,0.8702902793884277,0.8001244068145752,0.7095663547515869,0.6803076267242432,0.6642732620239258,0.6597585678100586,0.7824244499206543,0.7494604587554932,0.8639616966247559,0.8711416721343994,0.7191963195800781,0.7178716659545898,0.7519950866699219,0.7315158843994141,0.8067286014556885,0.7947249412536621,0.7529170513153076,0.7633147239685059,0.7456521987915039,0.529141902923584]","0.6472975027561187","","","","","",""
"copper-sweep-37","finished","-","anna_korotkova","","2020-08-01T02:00:13.000Z","8158","b01o28w9","[""cpu"",0]","0.000001","/home/ubuntu/RTE","false","false","true","false","true","1000","true","5","false","O1","1","0.00005","-1","runs/Aug01_02-00-15_anna-gpu","false","50","1","512","-1","roberta-base","false","1","/tmp/RTE/","true","-1","8","8","","500","42","RTE","false","0","0.01","","1","0.4729241877256318","0.6937252691813878","1596.7192614078522","[1602.657291650772,1596.7192614078522,1599.6792414188385,1673.0352268218994,1640.6719858646393]","0.4952681064605713","[0.8301012516021729,0.8029406070709229,0.7163054943084717,0.6735615730285645,0.6549422740936279,0.6699426174163818,0.6679975986480713,0.7777683734893799,0.7292029857635498,0.7710781097412109,0.6902225017547607,0.7345833778381348,0.6780869960784912,0.7087883949279785,0.7194743156433105,0.7531740665435791,0.7249011993408203,0.6841843128204346,0.7221648693084717,0.7214982509613037,0.8061203956604004,0.6940920352935791,0.7474279403686523,0.7175912857055664,0.6951079368591309,0.6909046173095703,0.7111725807189941,0.7188396453857422,0.6875298023223877,0.7017788887023926,0.7586586475372314,0.7427523136138916,0.7350614070892334,0.7369468212127686,0.4952681064605713,0.8818867206573486,0.6893277168273926,0.6707108020782471,0.7901983261108398,0.6819784641265869,0.7308118343353271,0.6853063106536865,0.6857209205627441,0.7221400737762451,0.7182447910308838,0.7543160915374756,0.6762158870697021,0.8169732093811035,0.7292513847351074,0.7645514011383057,0.7463254928588867,0.7729165554046631,0.7375569343566895,0.6553142070770264,0.7842342853546143,0.7039496898651123,0.7302210330963135,0.7426719665527344,0.6629626750946045,0.7024953365325928,0.6562240123748779,0.8567144870758057,0.7265317440032959,0.7328011989593506,0.6628179550170898,0.7328968048095703,0.8234021663665771,0.6907455921173096,0.6761398315429688,0.5224919319152832]","0.6950826811790466","","","","","",""
"noble-sweep-36","finished","-","anna_korotkova","","2020-08-01T00:34:24.000Z","5148","b01o28w9","[""cpu"",0]","0.000001","/home/ubuntu/RTE","false","false","true","false","true","1000","true","5","false","O1","1","0.00005","-1","runs/Aug01_00-34-25_anna-gpu","false","50","1","512","-1","distilbert-base-uncased","false","1","/tmp/RTE/","true","-1","8","32","","500","42","RTE","false","0","0.01","","1","0.5667870036101083","0.6835914322308132","993.0707378387452","[1064.392126083374,1000.3985373973846,1053.6803486347198,1008.7236847877502,993.0707378387452]","0.3926117420196533","[0.4720418453216553,0.4995579719543457,0.4510986804962158,0.4242310523986816,0.46405577659606934,0.4738402366638184,0.5647814273834229,0.4403371810913086,0.5803282260894775,0.5504562854766846,0.5928752422332764,0.5556313991546631,0.5148813724517822,0.49158644676208496,0.5067794322967529,0.6142921447753906,0.5471677780151367,0.6476593017578125,0.5708038806915283,0.4614255428314209,0.49317455291748047,0.4058129787445069,0.6480090618133545,0.460101842880249,0.5022392272949219,0.5627119541168213,0.47368383407592773,0.5718705654144287,0.5432600975036621,0.5430428981781006,0.43518495559692383,0.5029270648956299,0.4812619686126709,0.4511728286743164,0.3926117420196533]","0.516423591375351","","","","","",""
"lemon-sweep-35","finished","-","anna_korotkova","","2020-07-31T23:39:02.000Z","3308","b01o28w9","[""cpu"",0]","0.000001","/home/ubuntu/RTE","false","false","true","false","true","1000","true","5","false","O1","1","0.00005","-1","runs/Jul31_23-39-04_anna-gpu","false","50","1","512","-1","distilbert-base-uncased","false","1","/tmp/RTE/","true","-1","8","16","","500","42","RTE","false","0","0.01","","1","0.6101083032490975","0.6814901539257594","653.7917935848236","[664.4430778026581,653.7917935848236,655.9220790863037,653.9118292331696,657.3031525611877]","0.20045852661132812","[0.5046052932739258,0.3145935535430908,0.31405210494995117,0.33856630325317383,0.3461422920227051,0.3105945587158203,0.3018455505371094,0.31679248809814453,0.3033602237701416,0.32715368270874023,0.34085536003112793,0.29361987113952637,0.3052978515625,0.2918846607208252,0.32028746604919434,0.3185606002807617,0.3191983699798584,0.3337111473083496,0.3115830421447754,0.3054165840148926,0.3172945976257324,0.3130769729614258,0.31556248664855957,0.304929256439209,0.28986167907714844,0.29340100288391113,0.3007392883300781,0.32274746894836426,0.2994682788848877,0.3016345500946045,0.2989461421966553,0.34510040283203125,0.4137215614318848,0.33115720748901367,0.20045852661132812]","0.6705863511562348","","","","","",""
"upbeat-sweep-34","finished","-","anna_korotkova","","2020-07-31T22:30:18.000Z","4122","b01o28w9","[""cpu"",0]","0.000001","/home/ubuntu/RTE","false","false","true","false","true","1000","true","5","false","O1","1","0.00005","-1","runs/Jul31_22-30-19_anna-gpu","false","50","1","512","-1","distilbert-base-uncased","false","1","/tmp/RTE/","true","-1","8","8","","500","42","RTE","false","0","0.01","","1","0.5740072202166066","0.681736125264849","808.9713940620422","[847.7126979827881,809.251784324646,812.1182873249054,818.2445409297943,808.9713940620422]","0.20669817924499512","[0.3215367794036865,0.3757925033569336,0.3676259517669678,0.41974377632141113,0.3464341163635254,0.3108336925506592,0.4221005439758301,0.30320024490356445,0.30077481269836426,0.3041422367095947,0.3553142547607422,0.398212194442749,0.36850881576538086,0.3229687213897705,0.3066270351409912,0.2866382598876953,0.35563182830810547,0.3483893871307373,0.31854915618896484,0.2903611660003662,0.310697078704834,0.3273780345916748,0.2888774871826172,0.2941093444824219,0.29665684700012207,0.30587315559387207,0.3010227680206299,0.29996490478515625,0.34052157402038574,0.34861063957214355,0.28731799125671387,0.29761528968811035,0.34186792373657227,0.29294323921203613,0.20669817924499512,0.4197988510131836,0.3865060806274414,0.3095977306365967,0.30742716789245605,0.3620424270629883,0.32415246963500977,0.3010599613189697,0.3067657947540283,0.3271021842956543,0.3463470935821533,0.34410572052001953,0.3756105899810791,0.33385252952575684,0.2999417781829834,0.2917780876159668,0.31861329078674316,0.29105281829833984,0.30388593673706055,0.2943713665008545,0.2983872890472412,0.33537864685058594,0.3341176509857178,0.34726834297180176,0.3188652992248535,0.33119964599609375,0.3020510673522949,0.3277473449707031,0.319155216217041,0.3056354522705078,0.3026564121246338,0.3059043884277344,0.3002469539642334,0.2911820411682129,0.3348400592803955,0.29920172691345215]","0.6659311628341675","","","","","",""
"helpful-sweep-33","finished","-","anna_korotkova","","2020-07-31T19:17:29.000Z","11565","b01o28w9","[""cpu"",0]","0.000001","/home/ubuntu/RTE","false","false","true","false","true","1000","true","5","false","O1","1","0.00005","-1","runs/Jul31_19-17-31_anna-gpu","false","50","1","512","-1","bert-base-uncased","false","1","/tmp/RTE/","true","-1","8","32","","500","42","RTE","false","0","0.01","","1","0.6028880866425993","0.6502662096704755","2190.9352588653564","[2190.9352588653564,2246.478865623474,2303.7117598056793,2352.472930431366,2421.734417438507]","0.5204441547393799","[1.1201519966125488,1.063259840011597,0.6794326305389404,1.1096713542938232,1.0280160903930664,1.0000364780426023,0.7518689632415771,0.737030029296875,0.9412393569946288,0.7785933017730713,1.1798970699310305,0.83221435546875,0.7610254287719727,0.8193116188049316,1.050579071044922,1.3420467376708984,1.2497797012329102,1.3300883769989014,1.0018808841705322,1.0113298892974854,1.307292938232422,1.0038914680480957,1.2640891075134275,1.0699849128723145,0.955942153930664,1.2240722179412842,0.8674836158752441,1.2108540534973145,1.0196843147277832,1.0123670101165771,1.3753087520599363,1.1048133373260498,0.8783779144287109,0.854137659072876,0.5204441547393799]","0.45648243129253385","","","","","",""
"polished-sweep-32","finished","-","anna_korotkova","","2020-07-31T17:16:49.000Z","7233","b01o28w9","[""cpu"",0]","0.000001","/home/ubuntu/RTE","false","false","true","false","true","1000","true","5","false","O1","1","0.00005","-1","runs/Jul31_17-16-51_anna-gpu","false","50","1","512","-1","bert-base-uncased","false","1","/tmp/RTE/","true","-1","8","16","","500","42","RTE","false","0","0.01","","1","0.6678700361010831","0.6299337361540113","1417.1586928367617","[1424.9542515277865,1417.1586928367617,1437.0928201675415,1459.2395114898682,1452.4375219345093]","0.6357135772705078","[0.8122062683105469,0.8339378833770752,0.7580296993255615,0.8100972175598145,0.769752025604248,0.7551455497741699,0.8053581714630127,0.7940659523010254,0.8109831809997559,0.8043379783630371,0.7466480731964111,1.1865336894989014,1.1266860961914062,0.8784911632537842,0.7718758583068848,0.8528397083282471,0.7824015617370605,0.9435343742370604,1.15156888961792,1.4038493633270264,0.7846963405609131,1.1903698444366455,0.70401930809021,0.725365400314331,0.6926205158233643,0.7688648700714111,0.7011420726776123,0.7639777660369873,0.7693662643432617,0.6877062320709229,0.8556473255157471,0.6901981830596924,0.7736561298370361,0.7043592929840088,0.6357135772705078]","0.5300619041919709","","","","","",""
"dandy-sweep-31","finished","-","anna_korotkova","","2020-07-31T15:04:50.000Z","7915","b01o28w9","[""cpu"",0]","0.000001","/home/ubuntu/RTE","false","false","true","false","true","1000","true","5","false","O1","1","0.00005","-1","runs/Jul31_15-04-51_anna-gpu","false","50","1","512","-1","bert-base-uncased","false","1","/tmp/RTE/","true","-1","8","8","","500","42","RTE","false","0","0.01","","1","0.6642599277978339","0.6200086329664503","1561.6568264961245","[1578.0319395065308,1561.6568264961245,1564.6120767593384,1590.6570477485657,1578.759917974472]","0.4415004253387451","[0.7079927921295166,0.699373722076416,0.744194746017456,0.7876832485198975,0.7759170532226562,0.6636669635772705,0.7892239093780518,0.6365306377410889,0.6641678810119629,0.7624492645263672,0.869861364364624,0.6606266498565674,0.6469159126281738,0.6811983585357666,0.6799020767211914,0.6541182994842529,0.6826629638671875,0.8096163272857666,0.6630191802978516,0.6897618770599365,0.6528191566467285,0.6591265201568604,0.652716875076294,0.7144763469696045,0.6758468151092529,0.6252806186676025,0.6730122566223145,0.6401243209838867,0.6692242622375488,0.6730861663818359,0.6227664947509766,0.6810858249664307,0.7104856967926025,0.6844120025634766,0.4415004253387451,0.8149924278259277,0.7351577281951904,0.7373874187469482,0.6652317047119141,0.6623458862304688,0.735358715057373,0.7391550540924072,0.6508793830871582,0.6678347587585449,0.7721800804138184,0.7111790180206299,0.7039992809295654,0.6720163822174072,0.6501059532165527,0.7321245670318604,0.7087521553039551,0.6976339817047119,0.6832418441772461,0.7316741943359375,0.6780786514282227,0.7054874897003174,0.6958651542663574,0.685687780380249,0.7177848815917969,0.6954171657562256,0.8013885021209717,0.7481911182403564,0.7320294380187988,0.702007532119751,0.6628396511077881,0.7905278205871582,0.7229764461517334,0.7261574268341064,0.6413304805755615,0.512474536895752]","0.47385763347148896","","","","","",""
"polar-sweep-30","finished","-","anna_korotkova","","2020-07-31T12:23:12.000Z","9692","b01o28w9","[""cpu"",0]","0.000001","/home/ubuntu/RTE","false","false","true","false","true","1000","true","5","false","O1","1","0.00005","-1","runs/Jul31_12-23-14_anna-gpu","false","50","1","256","-1","xlnet-base-cased","false","1","/tmp/RTE/","true","-1","8","32","","500","42","RTE","false","0","0.01","","1","0.6209386281588448","0.6557796699660164","1910.6810603141785","[1918.3505535125732,1942.2223999500277,1932.430239200592,1945.943975687027,1910.6810603141785]","0.6719639301300049","[0.8873097896575928,0.8393869400024414,0.7100551128387451,0.7589046955108643,0.8627629280090332,0.8424472808837891,0.7805547714233398,0.885040283203125,0.8522977828979492,0.8053457736968994,0.7843313217163086,0.7341859340667725,0.7648608684539795,0.8569483757019043,0.9262840747833252,0.7581601142883301,0.7737281322479248,0.7809252738952637,0.7417614459991455,0.7552719116210938,0.7559490203857422,0.846653938293457,0.7468187808990479,0.7834441661834717,1.198913812637329,1.0754261016845703,0.8495662212371826,0.7728843688964844,0.7850909233093262,0.7737720012664795,0.9057714939117432,0.8025763034820557,0.8312721252441406,0.7927727699279785,0.6719639301300049]","0.4991542446613312","","","","","",""
"lunar-sweep-29","finished","-","anna_korotkova","","2020-07-31T09:24:36.000Z","10714","b01o28w9","[""cpu"",0]","0.000001","/home/ubuntu/RTE","false","false","true","false","true","1000","true","5","false","O1","1","0.00005","-1","runs/Jul31_09-24-38_anna-gpu","false","50","1","256","-1","xlnet-base-cased","false","1","/tmp/RTE/","true","-1","8","16","","500","42","RTE","false","0","0.01","","1","0.6028880866425993","0.6676089320863996","2123.9514195919037","[2136.120619058609,2130.5684881210327,2123.9514195919037,2131.8644659519196,2146.1524896621704]","0.6367940902709961","[0.9121382236480712,0.8558933734893799,0.8116161823272705,0.8729104995727539,0.8808581829071045,0.847501277923584,0.8405356407165527,0.7824611663818359,0.9295341968536376,0.868262767791748,0.7963714599609375,1.0868899822235107,1.0990166664123535,0.8648884296417236,0.8476793766021729,1.077772617340088,0.9190270900726318,0.8533880710601807,0.8476612567901611,0.864058256149292,0.8152673244476318,0.8568036556243896,0.942824363708496,0.8225972652435303,0.8768208026885986,0.8267867565155029,0.8214800357818604,0.8058004379272461,0.8438456058502197,0.8524646759033203,0.8376259803771973,0.8244936466217041,0.8796663284301758,0.8355135917663574,0.6367940902709961]","0.6758706045150756","","","","","",""
"mild-sweep-28","finished","-","anna_korotkova","","2020-07-31T07:12:34.000Z","7920","b01o28w9","[""cpu"",0]","0.000001","/home/ubuntu/RTE","false","false","true","false","true","1000","true","5","false","O1","1","0.00005","-1","runs/Jul31_07-12-35_anna-gpu","false","50","1","256","-1","xlnet-base-cased","false","1","/tmp/RTE/","true","-1","8","8","","500","42","RTE","false","0","0.01","","1","0.5270758122743683","0.6922223227364677","1565.81978225708","[1574.7995193004608,1569.7482948303225,1565.81978225708,1598.3585469722748,1568.3505194187164]","0.5534515380859375","[0.8058335781097412,0.8041164875030518,0.76104736328125,0.787421703338623,0.7565147876739502,0.7622976303100586,0.7723274230957031,0.7982838153839111,0.7642967700958252,0.7417252063751221,0.8215346336364746,0.745323657989502,0.8112878799438477,0.837761402130127,0.7411236763000488,0.7369167804718018,0.736994743347168,0.781379222869873,0.7219254970550537,0.7235753536224365,0.7361898422241211,0.7751500606536865,0.7468700408935547,0.767488956451416,0.8131420612335205,0.8076150417327881,0.7850198745727539,0.7279496192932129,0.7688913345336914,0.8102514743804932,0.8078629970550537,0.7592556476593018,0.8403422832489014,0.8096554279327393,0.665471076965332,0.8425157070159912,0.7774744033813477,0.8097779750823975,0.8806328773498535,0.7720849514007568,0.7963626384735107,0.90797758102417,0.8841524124145508,0.7663521766662598,0.819504976272583,0.7920629978179932,0.8178930282592773,0.8051602840423584,0.7962710857391357,0.7754645347595215,0.7144176959991455,0.7716505527496338,0.7784552574157715,0.7792408466339111,0.7723569869995117,0.7621779441833496,0.7387466430664062,0.7926712036132812,0.8474512100219727,0.8900573253631592,0.8391695022583008,0.8034958839416504,0.7465381622314453,0.7895815372467041,0.7487595081329346,0.7426109313964844,0.7225039005279541,0.8201870918273926,0.758695125579834,0.5534515380859375]","0.6994009220600128","","","","","",""
"sunny-sweep-27","finished","-","anna_korotkova","","2020-07-31T06:25:47.000Z","2803","b01o28w9","[""cpu"",0]","0.000001","/home/ubuntu/RTE","false","false","true","false","true","1000","true","5","false","O1","1","0.00005","-1","runs/Jul31_06-25-49_anna-gpu","false","50","1","256","-1","albert-base-v1","false","1","/tmp/RTE/","true","-1","8","32","","500","42","RTE","false","0","0.01","","1","0.6353790613718412","0.6239670089312962","548.8621261119843","[570.7107937335968,553.1670937538147,554.4607594013214,552.1071813106537,548.8621261119843]","0.3185393810272217","[0.4456315040588379,0.5219836235046387,0.359999418258667,0.43334102630615234,0.40306901931762695,0.3619389533996582,0.3954012393951416,0.3885369300842285,0.38170862197875977,0.4169580936431885,0.46864914894104,0.3666679859161377,0.3664281368255615,0.3763444423675537,0.3734452724456787,0.35958123207092285,0.32918310165405273,0.3717222213745117,0.3553578853607178,0.34893226623535156,0.3284265995025635,0.3301422595977783,0.3423421382904053,0.362093448638916,0.3435075283050537,0.3274729251861572,0.34193992614746094,0.3198888301849365,0.3337881565093994,0.3824324607849121,0.4048430919647217,0.3497166633605957,0.3185393810272217,0.609760046005249,0.319061279296875]","0.43659111618995666","","","","","",""
"blooming-sweep-26","finished","-","anna_korotkova","","2020-07-31T05:36:01.000Z","2981","b01o28w9","[""cpu"",0]","0.000001","/home/ubuntu/RTE","false","false","true","false","true","1000","true","5","false","O1","1","0.00005","-1","runs/Jul31_05-36-03_anna-gpu","false","50","1","256","-1","albert-base-v1","false","1","/tmp/RTE/","true","-1","8","16","","500","42","RTE","false","0","0.01","","1","0.6714801444043321","0.6117634458201272","559.0937011241913","[641.9085886478424,614.307365655899,573.6642017364502,559.0937011241913,568.1663665771484]","0.3177340030670166","[0.4893050193786621,0.3476595878601074,0.3805241584777832,0.3414454460144043,0.453061580657959,0.41100120544433594,0.3922576904296875,0.35280442237854004,0.35054683685302734,0.35924768447875977,0.3380281925201416,0.3399970531463623,0.3329288959503174,0.3513505458831787,0.417405366897583,0.32383012771606445,0.4138383865356446,0.42957472801208496,0.4425065517425537,0.35466694831848145,0.44710707664489746,0.32699012756347656,0.3389894962310791,0.3222477436065674,0.34859299659729004,0.33634328842163086,0.3513009548187256,0.32361555099487305,0.3177340030670166,0.3222370147705078,0.34699296951293945,0.37058448791503906,0.35649681091308594,0.3206315040588379,0.507624626159668]","0.5595365184545517","","","","","",""
"smooth-sweep-25","finished","-","anna_korotkova","","2020-07-31T04:43:35.000Z","3144","b01o28w9","[""cpu"",0]","0.000001","/home/ubuntu/RTE","false","false","true","false","true","1000","true","5","false","O1","1","0.00005","-1","runs/Jul31_04-43-36_anna-gpu","false","50","1","256","-1","albert-base-v1","false","1","/tmp/RTE/","true","-1","8","8","","500","42","RTE","false","0","0.01","","1","0.6534296028880866","0.6326080850192479","603.2764194011688","[674.5262582302094,611.92285323143,610.7008225917816,618.8363592624664,603.2764194011688]","0.31027793884277344","[0.5006201267242432,0.35025978088378906,0.3369321823120117,0.32093071937561035,0.3623085021972656,0.3383798599243164,0.35463714599609375,0.362004041671753,0.39485597610473633,0.38717079162597656,0.34055447578430176,0.3418288230895996,0.3742907047271729,0.3468141555786133,0.351992130279541,0.3944129943847656,0.3152327537536621,0.39343786239624023,0.3471839427947998,0.3499276638031006,0.45768070220947266,0.46402788162231445,0.5009255409240723,0.41269516944885254,0.3271522521972656,0.31027793884277344,0.3319361209869385,0.34364914894104004,0.3671300411224365,0.3755636215209961,0.32651805877685547,0.3213791847229004,0.3534586429595947,0.3733234405517578,0.3678221702575683,0.4553561210632324,0.33247876167297363,0.3294076919555664,0.3415493965148926,0.31586599349975586,0.3222212791442871,0.3423295021057129,0.3292074203491211,0.3211710453033447,0.3250610828399658,0.3671078681945801,0.38677167892456055,0.31757211685180664,0.329601526260376,0.33157944679260254,0.31922078132629395,0.3257460594177246,0.33495402336120605,0.3219470977783203,0.34589338302612305,0.4045236110687256,0.42698144912719727,0.3603997230529785,0.3496131896972656,0.3800959587097168,0.4253838062286377,0.3727145195007324,0.37215209007263184,0.39112019538879395,0.3613622188568115,0.3622572422027588,0.31472349166870117,0.3815653324127197,0.42647314071655273,0.3609344959259033]","0.5325680577754974","","","","","",""
"prime-sweep-24","finished","-","anna_korotkova","","2020-07-31T03:51:58.000Z","3092","b01o28w9","[""cpu"",0]","0.000001","/home/ubuntu/RTE","false","false","true","false","true","1000","true","5","false","O1","1","0.00005","-1","runs/Jul31_03-51-59_anna-gpu","false","50","1","256","-1","roberta-base","false","1","/tmp/RTE/","true","-1","8","32","","500","42","RTE","false","0","0.01","","1","0.5631768953068592","0.6859709109578814","605.0808110237122","[630.0350942611694,612.0349359512329,608.8574607372284,606.4314570426941,605.0808110237122]","0.31189441680908203","[0.4370131492614746,0.33533453941345215,0.3322279453277588,0.3367781639099121,0.33632421493530273,0.38439130783081055,0.37763071060180664,0.34058547019958496,0.39159345626831055,0.3548853397369385,0.3705461025238037,0.35314035415649414,0.36351537704467773,0.36431384086608887,0.34871625900268555,0.37300825119018555,0.33778929710388184,0.3432607650756836,0.3966586589813232,0.3336615562438965,0.4647200107574463,0.5840859413146973,0.4038102626800537,0.4752075672149658,0.37627625465393066,0.3610036373138428,0.3371157646179199,0.33385705947875977,0.5163884162902832,0.39026379585266113,0.49747776985168457,0.36603689193725586,0.36374998092651367,0.386523962020874,0.31189441680908203]","0.519999029636383","","","","","",""
"driven-sweep-23","finished","-","anna_korotkova","","2020-07-31T02:52:49.000Z","3544","b01o28w9","[""cpu"",0]","0.000001","/home/ubuntu/RTE","false","false","true","false","true","1000","true","5","false","O1","1","0.00005","-1","runs/Jul31_02-52-51_anna-gpu","false","50","1","256","-1","roberta-base","false","1","/tmp/RTE/","true","-1","8","16","","500","42","RTE","false","0","0.01","","1","0.6787003610108303","0.6289668057646071","695.0352189540863","[724.0378348827362,695.0352189540863,697.491402387619,700.2372992038727,697.2954664230347]","0.3078329563140869","[0.3629751205444336,0.3783535957336426,0.3780407905578614,0.34192824363708496,0.32263708114624023,0.355086088180542,0.3384873867034912,0.3529644012451172,0.3432803153991699,0.35213422775268555,0.35344433784484863,0.34029221534729004,0.34593915939331055,0.4446141719818115,0.3663668632507324,0.6006128787994385,0.3722834587097168,0.5238018035888672,0.4029562473297119,0.34167981147766113,0.34125852584838867,0.33855748176574707,0.3235893249511719,0.3228781223297119,0.30784010887145996,0.3606994152069092,0.3343169689178467,0.381284236907959,0.3078329563140869,0.3689727783203125,0.3191390037536621,0.4488990306854248,0.3697640895843506,0.30959010124206543,0.31931042671203613]","0.5873926645517349","","","","","",""
"charmed-sweep-22","finished","-","anna_korotkova","","2020-07-31T01:42:02.000Z","4242","b01o28w9","[""cpu"",0]","0.000001","/home/ubuntu/RTE","false","false","true","false","true","1000","true","5","false","O1","1","0.00005","-1","runs/Jul31_01-42-03_anna-gpu","false","50","1","256","-1","roberta-base","false","1","/tmp/RTE/","true","-1","8","8","","500","42","RTE","false","0","0.01","","1","0.4729241877256318","0.6935488445418222","822.1210334300995","[841.6703479290009,858.3573920726776,853.1425423622131,836.451253414154,822.1210334300995]","0.2214627265930176","[0.4690659046173096,0.3222641944885254,0.3275768756866455,0.31795644760131836,0.31977033615112305,0.366335391998291,0.34329843521118164,0.3626282215118408,0.327606201171875,0.35236215591430664,0.3259758949279785,0.32418131828308105,0.36194753646850586,0.35838818550109863,0.3449842929840088,0.3566935062408447,0.3464779853820801,0.3339097499847412,0.34365367889404297,0.3421509265899658,0.3832688331604004,0.35001277923583984,0.34312009811401367,0.3349883556365967,0.3215312957763672,0.3353724479675293,0.3463106155395508,0.3267238140106201,0.3300609588623047,0.34316253662109375,0.32868432998657227,0.3278312683105469,0.3479349613189697,0.3217041492462158,0.2214627265930176,0.4066789150238037,0.31504154205322266,0.32036590576171875,0.32131028175354004,0.33403921127319336,0.3282656669616699,0.3321249485015869,0.31331729888916016,0.31040000915527344,0.33931708335876465,0.3486812114715576,0.34248781204223633,0.33440232276916504,0.3832237720489502,0.31756091117858887,0.3222343921661377,0.3237740993499756,0.309556245803833,0.31664133071899414,0.3203287124633789,0.33885741233825684,0.3165428638458252,0.33938050270080566,0.30919766426086426,0.338254451751709,0.3779983520507813,0.3481433391571045,0.3125293254852295,0.3724422454833984,0.36293649673461914,0.4000391960144043,0.3225579261779785,0.33683013916015625,0.35218167304992676,0.2883150577545166]","0.6936857354640961","","","","","",""
"solar-sweep-21","finished","-","anna_korotkova","","2020-07-31T01:17:03.000Z","1493","b01o28w9","[""cpu"",0]","0.000001","/home/ubuntu/RTE","false","false","true","false","true","1000","true","5","false","O1","1","0.00005","-1","runs/Jul31_01-17-04_anna-gpu","false","50","1","256","-1","distilbert-base-uncased","false","1","/tmp/RTE/","true","-1","8","32","","500","42","RTE","false","0","0.01","","1","0.5884476534296029","0.6841952102524894","293.1004912853241","[300.9159469604492,293.168226480484,293.1004912853241,293.60755705833435,294.2590911388397]","0.15021038055419922","[0.330399751663208,0.153594970703125,0.15151309967041016,0.15569829940795898,0.15366053581237793,0.15290141105651855,0.15228724479675293,0.15385794639587402,0.2362074851989746,0.15356850624084473,0.15813946723937988,0.15204262733459473,0.15205025672912598,0.15160441398620603,0.15549421310424805,0.17897439002990723,0.22626304626464844,0.15167665481567383,0.1511552333831787,0.15290570259094238,0.15137100219726562,0.17178726196289062,0.2758305072784424,0.21410107612609863,0.1622757911682129,0.15021038055419922,0.15314126014709473,0.22278618812561035,0.1697235107421875,0.160980224609375,0.2614564895629883,0.1769857406616211,0.15573382377624512,0.29553866386413574,0.22320127487182617]","0.5164486801624298","","","","","",""
"wobbly-sweep-20","finished","-","anna_korotkova","","2020-07-31T00:47:04.000Z","1796","b01o28w9","[""cpu"",0]","0.000001","/home/ubuntu/RTE","false","false","true","false","true","1000","true","5","false","O1","1","0.00005","-1","runs/Jul31_00-47-05_anna-gpu","false","50","1","256","-1","distilbert-base-uncased","false","1","/tmp/RTE/","true","-1","8","16","","500","42","RTE","false","0","0.01","","1","0.5992779783393501","0.6834262898990087","351.83372235298157","[362.2771866321564,356.2123076915741,354.09795928001404,355.68745470046997,351.83372235298157]","0.1083853244781494","[0.24060750007629397,0.15239262580871582,0.18379807472229004,0.15692448616027832,0.14981889724731445,0.15425777435302734,0.15242409706115723,0.14933276176452637,0.15022850036621094,0.14972543716430664,0.15053486824035645,0.15434575080871582,0.1533219814300537,0.14951395988464355,0.14999818801879883,0.1502821445465088,0.18000531196594238,0.1512928009033203,0.1511366367340088,0.16517233848571777,0.15039348602294922,0.1501169204711914,0.16594314575195312,0.15523266792297363,0.15110373497009277,0.1514434814453125,0.16513705253601074,0.15088748931884766,0.15221810340881348,0.15331768989562988,0.14908266067504883,0.1521472930908203,0.18168258666992188,0.14948606491088867,0.1083853244781494]","0.6716121625900269","","","","","",""
"visionary-sweep-19","finished","-","anna_korotkova","","2020-07-31T00:15:58.000Z","1864","b01o28w9","[""cpu"",0]","0.000001","/home/ubuntu/RTE","false","false","true","false","true","1000","true","5","false","O1","1","0.00005","-1","runs/Jul31_00-15-59_anna-gpu","false","50","1","256","-1","distilbert-base-uncased","false","1","/tmp/RTE/","true","-1","8","8","","500","42","RTE","false","0","0.01","","1","0.6028880866425993","0.683687927041735","364.01566767692566","[372.3271708488464,371.23630928993225,364.01566767692566,372.9623763561249,364.87647795677185]","0.13784384727478027","[0.19456911087036133,0.15259671211242676,0.23373198509216309,0.17096662521362305,0.20815563201904297,0.15223932266235352,0.15128779411315918,0.15211939811706543,0.15288496017456055,0.16495037078857422,0.21835708618164065,0.16838645935058594,0.15689635276794434,0.22105813026428223,0.17127513885498047,0.2000336647033691,0.17414546012878418,0.23290610313415527,0.15657520294189453,0.1586613655090332,0.26143813133239746,0.19436359405517575,0.1546015739440918,0.16540145874023438,0.15236353874206543,0.21161389350891113,0.23691105842590332,0.15569257736206055,0.1510322093963623,0.17435646057128906,0.14986491203308103,0.1780107021331787,0.15032744407653809,0.19166254997253415,0.22055840492248535,0.27330493927001953,0.16832208633422852,0.1481945514678955,0.14838337898254397,0.1485280990600586,0.1633455753326416,0.15366673469543457,0.1526947021484375,0.15119671821594238,0.1509406566619873,0.15166640281677246,0.14992904663085938,0.1617593765258789,0.1508326530456543,0.15105867385864258,0.15009379386901855,0.1505296230316162,0.15976524353027344,0.15429997444152832,0.15044617652893066,0.1516416072845459,0.17054343223571777,0.15103626251220703,0.1592507362365723,0.15056800842285156,0.15141844749450684,0.19238018989562988,0.1551659107208252,0.15169739723205566,0.15525174140930176,0.1502361297607422,0.15173912048339844,0.14945650100708008,0.1520094871520996,0.13784384727478027]","0.6674146699905396","","","","","",""
"absurd-sweep-18","finished","-","anna_korotkova","","2020-07-30T23:25:34.000Z","3021","b01o28w9","[""cpu"",0]","0.000001","/home/ubuntu/RTE","false","false","true","false","true","1000","true","5","false","O1","1","0.00005","-1","runs/Jul30_23-25-36_anna-gpu","false","50","1","256","-1","bert-base-uncased","false","1","/tmp/RTE/","true","-1","8","32","","500","42","RTE","false","0","0.01","","1","0.6173285198555957","0.6457824502672468","592.2505502700806","[619.9187672138214,592.856781244278,592.2505502700806,593.7542717456818,594.4826457500458]","0.31783628463745117","[0.42653441429138184,0.34032297134399414,0.3423290252685547,0.37682104110717773,0.3731989860534668,0.3509960174560547,0.3748931884765625,0.3909921646118164,0.3707146644592285,0.3681738376617432,0.3326396942138672,0.3496677875518799,0.3913776874542236,0.360933780670166,0.4089632034301758,0.4344491958618164,0.628544807434082,0.35190367698669434,0.5439920425415039,0.33954524993896484,0.35199999809265137,0.4395003318786621,0.47461891174316406,0.4732367992401123,0.37420153617858887,0.31783628463745117,0.33652639389038086,0.3836028575897217,0.3960416316986084,0.4036753177642822,0.3559577465057373,0.502537727355957,0.37302327156066895,0.32355546951293945,0.343646764755249]","0.4600145870447159","","","","","",""
"peach-sweep-17","finished","-","anna_korotkova","","2020-07-30T22:30:30.000Z","3301","b01o28w9","[""cpu"",0]","0.000001","/home/ubuntu/RTE","false","false","true","false","true","1000","true","5","false","O1","1","0.00005","-1","runs/Jul30_22-30-31_anna-gpu","false","50","1","256","-1","bert-base-uncased","false","1","/tmp/RTE/","true","-1","8","16","","500","42","RTE","false","0","0.01","","1","0.6425992779783394","0.6469824237482888","636.6923112869263","[706.5118408203125,641.8886308670044,636.6923112869263,649.0527348518372,638.1454329490662]","0.3125283718109131","[0.4621171951293946,0.35724711418151855,0.3507392406463623,0.41277456283569336,0.38997602462768555,0.3649322986602783,0.7269132137298584,0.48336291313171387,0.5251331329345703,0.3949768543243408,0.31913089752197266,0.4715209007263184,0.3902261257171631,0.3622727394104004,0.40033984184265137,0.404691219329834,0.3600895404815674,0.35303831100463867,0.3668456077575683,0.34834957122802734,0.37502384185791016,0.33458757400512695,0.31263160705566406,0.36182379722595215,0.4072268009185791,0.3626089096069336,0.6230931282043457,0.4780592918395996,0.3501167297363281,0.4367287158966065,0.3532874584197998,0.3826563358306885,0.3125283718109131,0.4318392276763916,0.4958488941192627]","0.5173833042383194","","","","","",""
"restful-sweep-16","finished","-","anna_korotkova","","2020-07-30T21:24:27.000Z","3960","b01o28w9","[""cpu"",0]","0.000001","/home/ubuntu/RTE","false","false","true","false","true","1000","true","5","false","O1","1","0.00005","-1","runs/Jul30_21-24-28_anna-gpu","false","50","1","256","-1","bert-base-uncased","false","1","/tmp/RTE/","true","-1","8","8","","500","42","RTE","false","0","0.01","","1","0.6787003610108303","0.6243820326668875","765.5928523540497","[798.7048346996307,805.5616698265076,765.5928523540497,786.6085929870605,779.2308621406555]","0.22017145156860352","[0.4226555824279785,0.3757174015045166,0.3296396732330322,0.3227510452270508,0.3431265354156494,0.31252264976501465,0.31932687759399414,0.5181090831756592,0.530026912689209,0.32411670684814453,0.3172731399536133,0.3369288444519043,0.32309842109680176,0.3464992046356201,0.3244967460632324,0.3250844478607178,0.3138110637664795,0.32767558097839355,0.32996439933776855,0.3255012035369873,0.3350820541381836,0.3189096450805664,0.31696462631225586,0.31562352180480957,0.3402717113494873,0.3130929470062256,0.34095311164855957,0.3149542808532715,0.31343579292297363,0.3265855312347412,0.3204307556152344,0.31337451934814453,0.32523012161254883,0.4008138179779053,0.2953941822052002,0.4715952873229981,0.3132317066192627,0.31313300132751465,0.31536340713500977,0.3147573471069336,0.40093374252319336,0.3439605236053467,0.310776948928833,0.3162832260131836,0.31502747535705566,0.33996152877807617,0.30878353118896484,0.32944750785827637,0.32456278800964355,0.3316943645477295,0.4820425510406494,0.31532859802246094,0.3173394203186035,0.31503796577453613,0.34086108207702637,0.3504016399383545,0.31824254989624023,0.33886122703552246,0.33285093307495117,0.321582555770874,0.3255600929260254,0.3249664306640625,0.3169715404510498,0.3149447441101074,0.32128357887268066,0.32378435134887695,0.31443047523498535,0.31850600242614746,0.34188079833984375,0.22017145156860352]","0.4813197720050812","","","","","",""
"cool-sweep-15","finished","-","anna_korotkova","","2020-07-30T20:16:52.000Z","4051","b01o28w9","[""cpu"",0]","0.000001","/home/ubuntu/RTE","false","false","true","false","true","1000","true","5","false","O1","1","0.00005","-1","runs/Jul30_20-16-54_anna-gpu","false","50","1","128","-1","xlnet-base-cased","false","1","/tmp/RTE/","true","-1","8","32","","500","42","RTE","false","0","0.01","","1","0.5379061371841155","0.6814266920089722","780.2403576374054","[846.5742123126984,819.377406835556,786.7818238735199,788.6284885406494,780.2403576374054]","0.335482120513916","[0.6567280292510986,0.5145473480224609,0.4504728317260742,0.403491735458374,0.335482120513916,0.4593970775604248,0.5814187526702881,0.4010543823242187,0.4231374263763428,0.7268683910369873,0.4274284839630127,0.38571667671203613,0.33965015411376953,0.5488626956939697,0.5173981189727783,0.39150238037109375,0.33968448638916016,0.3661215305328369,0.4115512371063232,0.4557514190673828,0.4035828113555908,0.43912220001220703,0.34454917907714844,0.3962533473968506,0.4434313774108886,0.5863068103790283,0.4783248901367187,0.5110065937042236,0.4189269542694092,0.37264347076416016,0.4854717254638672,0.3722198009490967,0.34000515937805176,0.4320478439331054,0.337512731552124]","0.5259240448474884","","","","","",""
"smooth-sweep-14","finished","-","anna_korotkova","","2020-07-30T19:25:15.000Z","3093","b01o28w9","[""cpu"",0]","0.000001","/home/ubuntu/RTE","false","false","true","false","true","1000","true","5","false","O1","1","0.00005","-1","runs/Jul30_19-25-17_anna-gpu","false","50","1","128","-1","xlnet-base-cased","false","1","/tmp/RTE/","true","-1","8","16","","500","42","RTE","false","0","0.01","","1","0.6462093862815884","0.6444987228938511","600.4583580493927","[602.336674451828,616.5492515563965,618.9435741901398,626.1628675460815,600.4583580493927]","0.35456395149230957","[0.5615096092224121,0.5448124408721924,0.38884758949279785,0.36301326751708984,0.4354956150054931,0.5107088088989258,0.4310224056243897,0.3805978298187256,0.40468263626098633,0.4129772186279297,0.4184739589691162,0.4511687755584717,0.3983485698699951,0.40223169326782227,0.3957381248474121,0.4068455696105957,0.45485877990722656,0.4380972385406494,0.41444849967956543,0.4075446128845215,0.3645308017730713,0.410351037979126,0.4117162227630615,0.4018888473510742,0.35484862327575684,0.3928649425506592,0.4216759204864502,0.36418867111206055,0.35456395149230957,0.40048789978027344,0.3785521984100342,0.3821749687194824,0.3666059970855713,0.35874295234680176,0.43778467178344727]","0.660519939661026","","","","","",""
"neat-sweep-13","finished","-","anna_korotkova","","2020-07-30T18:14:26.000Z","4248","b01o28w9","[""cpu"",0]","0.000001","/home/ubuntu/RTE","false","false","true","false","true","1000","true","5","false","O1","1","0.00005","-1","runs/Jul30_18-14-28_anna-gpu","false","50","1","128","-1","xlnet-base-cased","false","1","/tmp/RTE/","true","-1","8","8","","500","42","RTE","false","0","0.01","","1","0.5270758122743683","0.691831568309239","824.491574048996","[824.491574048996,844.6947650909424,842.2830631732941,861.2284910678864,846.0805387496948]","0.33944058418273926","[0.5499961376190186,0.460690975189209,0.35736966133117676,0.4130866527557373,0.5403702259063721,0.5116407871246338,0.3801989555358886,0.4403698444366455,0.4103820323944092,0.39534711837768555,0.46112966537475586,0.3950321674346924,0.3890414237976074,0.3536417484283447,0.3734683990478515,0.3547401428222656,0.35567617416381836,0.4908487796783447,0.4018888473510742,0.35270142555236816,0.4409286975860596,0.33944058418273926,0.35148167610168457,0.42400693893432617,0.4450480937957764,0.3411858081817627,0.4036285877227783,0.36306262016296387,0.3510119915008545,0.3727412223815918,0.5421853065490723,0.39170074462890625,0.4443337917327881,0.36964964866638184,0.4066157341003418,0.4473435878753662,0.4330875873565674,0.6505656242370605,0.34882283210754395,0.40280628204345703,0.5343160629272461,0.381119966506958,0.36760640144348145,0.3985931873321533,0.39731836318969727,0.4145824909210205,0.6102640628814697,0.5290324687957764,0.4001781940460205,0.4096992015838623,0.35153770446777344,0.3402411937713623,0.3686707019805908,0.5716874599456787,0.4223003387451172,0.393174409866333,0.43880248069763184,0.4659521579742432,0.3515033721923828,0.35069751739501953,0.3814098834991455,0.34176063537597656,0.38500165939331055,0.44377970695495605,0.4848446846008301,0.5464239120483398,0.4252939224243164,0.5261478424072266,0.4129493236541748,0.46217989921569824]","0.7001018726825714","","","","","",""
"dashing-sweep-12","finished","-","anna_korotkova","","2020-07-30T17:49:44.000Z","1479","b01o28w9","[""cpu"",0]","0.000001","/home/ubuntu/RTE","false","false","true","false","true","1000","true","5","false","O1","1","0.00005","-1","runs/Jul30_17-49-46_anna-gpu","false","50","1","128","-1","albert-base-v1","false","1","/tmp/RTE/","true","-1","8","32","","500","42","RTE","false","0","0.01","","1","0.628158844765343","0.6207137312207903","281.5498411655426","[328.7079622745514,283.9950113296509,281.5498411655426,281.7132017612457,285.5098855495453]","0.1767745018005371","[0.382218599319458,0.29914069175720215,0.1944868564605713,0.2032785415649414,0.2628171443939209,0.21271324157714844,0.2102508544921875,0.20914411544799805,0.23386430740356445,0.2915477752685547,0.3002800941467285,0.4460716247558594,0.23871064186096191,0.24952149391174316,0.2446882724761963,0.2830233573913574,0.28652191162109375,0.28359079360961914,0.1874980926513672,0.2447526454925537,0.18584299087524417,0.19493865966796875,0.23686981201171875,0.21236777305603027,0.20659279823303223,0.1987004280090332,0.1871066093444824,0.1847226619720459,0.1891491413116455,0.21669340133666992,0.18673324584960935,0.18523526191711423,0.18502116203308103,0.19417309761047363,0.1767745018005371]","0.44282479882240294","","","","","",""
"gallant-sweep-11","finished","-","anna_korotkova","","2020-07-30T17:22:36.000Z","1623","b01o28w9","[""cpu"",0]","0.000001","/home/ubuntu/RTE","false","false","true","false","true","1000","true","5","false","O1","1","0.00005","-1","runs/Jul30_17-22-37_anna-gpu","false","50","1","128","-1","albert-base-v1","false","1","/tmp/RTE/","true","-1","8","16","","500","42","RTE","false","0","0.01","","1","0.6678700361010831","0.6031737838472638","315.04283905029297","[332.5864112377167,318.8459391593933,320.773149728775,319.1163823604584,315.04283905029297]","0.18423676490783691","[0.39778900146484375,0.23249077796936035,0.2060708999633789,0.2573103904724121,0.1891770362854004,0.1864790916442871,0.2024095058441162,0.18640995025634768,0.18624043464660645,0.31070518493652344,0.3664736747741699,0.3305625915527344,0.22947120666503903,0.2667725086212158,0.3730640411376953,0.2873413562774658,0.2866048812866211,0.20084476470947263,0.21440958976745603,0.19397497177124023,0.24566912651062012,0.3137521743774414,0.18828916549682617,0.2144618034362793,0.20470619201660156,0.19232392311096191,0.2264542579650879,0.18672585487365723,0.22507858276367188,0.18816161155700684,0.18423676490783691,0.18456125259399417,0.2848806381225586,0.2661120891571045,0.30235767364501953]","0.5507431769371033","","","","","",""
"golden-sweep-10","finished","-","anna_korotkova","","2020-07-30T16:50:03.000Z","1947","b01o28w9","[""cpu"",0]","0.000001","/home/ubuntu/RTE","false","false","true","false","true","1000","true","5","false","O1","1","0.00005","-1","runs/Jul30_16-50-04_anna-gpu","false","50","1","128","-1","albert-base-v1","false","1","/tmp/RTE/","true","-1","8","8","","500","42","RTE","false","0","0.01","","1","0.6606498194945848","0.598843343768801","375.61120104789734","[401.95943689346313,381.0079782009125,382.22557401657104,391.6857850551605,375.61120104789734]","0.17133331298828125","[0.3278169631958008,0.19398927688598633,0.2126059532165527,0.19280648231506348,0.21379947662353516,0.19290471076965332,0.1929950714111328,0.19287776947021484,0.1956181526184082,0.19633984565734863,0.1960287094116211,0.1950743198394775,0.19333481788635257,0.1953580379486084,0.21578454971313477,0.2163238525390625,0.21994280815124512,0.1850180625915527,0.3759918212890625,0.22050023078918457,0.1871323585510254,0.18566322326660156,0.18914532661437988,0.21423602104187012,0.4503765106201172,0.4595794677734375,0.2799825668334961,0.3240394592285156,0.24506258964538577,0.4208245277404785,0.2667198181152344,0.2653005123138428,0.2698333263397217,0.5058672428131104,0.26985597610473633,0.3033111095428467,0.19021153450012207,0.1855905055999756,0.20400786399841309,0.21924734115600583,0.1882152557373047,0.19020724296569824,0.18631768226623535,0.18569254875183103,0.18806743621826172,0.19449782371520996,0.2255463600158691,0.18512535095214844,0.1862480640411377,0.18765926361083984,0.25699472427368164,0.1877713203430176,0.18540453910827637,0.1839745044708252,0.2029867172241211,0.20814108848571777,0.21727466583251953,0.1852233409881592,0.19795918464660645,0.1884160041809082,0.1885373592376709,0.186229944229126,0.19182109832763672,0.19722366333007812,0.23493576049804688,0.44968461990356445,0.31629252433776855,0.2735445499420166,0.2579975128173828,0.17133331298828125]","0.5484288948774337","","","","","",""
"firm-sweep-9","finished","-","anna_korotkova","","2020-07-30T16:22:01.000Z","1680","b01o28w9","[""cpu"",0]","0.000001","/home/ubuntu/RTE","false","false","true","false","true","1000","true","5","false","O1","1","0.00005","-1","runs/Jul30_16-22-02_anna-gpu","false","50","1","128","-1","roberta-base","false","1","/tmp/RTE/","true","-1","8","32","","500","42","RTE","false","0","0.01","","1","0.6859205776173285","0.6242895586150033","324.64978885650635","[343.7625069618225,326.4292540550232,330.39305901527405,329.0420820713043,324.64978885650635]","0.1821300983428955","[0.3753046989440918,0.22585296630859375,0.18733906745910645,0.25994110107421875,0.2438869476318359,0.1868126392364502,0.3255958557128906,0.22016072273254397,0.1821300983428955,0.21091008186340332,0.3456852436065674,0.29254961013793945,0.19940638542175293,0.20231938362121585,0.2909078598022461,0.23787999153137207,0.3347358703613281,0.1967332363128662,0.18850493431091309,0.215925931930542,0.257951021194458,0.2631254196166992,0.20162606239318848,0.19101309776306152,0.24739956855773929,0.217177152633667,0.1856245994567871,0.20154023170471191,0.22556424140930176,0.2876749038696289,0.2337777614593506,0.21309971809387207,0.24773406982421875,0.2007086277008057,0.4626142978668213]","0.4691475284099579","","","","","",""
"lemon-sweep-8","finished","-","anna_korotkova","","2020-07-30T15:48:22.000Z","2017","b01o28w9","[""cpu"",0]","0.000001","/home/ubuntu/RTE","false","false","true","false","true","1000","true","5","false","O1","1","0.00005","-1","runs/Jul30_15-48-23_anna-gpu","false","50","1","128","-1","roberta-base","false","1","/tmp/RTE/","true","-1","8","16","","500","42","RTE","false","0","0.01","","1","0.6895306859205776","0.5861740793500628","391.2160296440125","[402.2144446372986,401.36598896980286,393.85055208206177,403.4795868396759,391.2160296440125]","0.18575215339660645","[0.3721654415130615,0.197009801864624,0.1946749687194824,0.26830458641052246,0.3310835361480713,0.27919530868530273,0.20403242111206055,0.18851733207702637,0.18575215339660645,0.19241619110107425,0.2109692096710205,0.1913301944732666,0.1895723342895508,0.2544846534729004,0.3225264549255371,0.4714841842651367,0.29520559310913086,0.31421446800231934,0.2539200782775879,0.2758498191833496,0.27271127700805664,0.5102145671844482,0.30870938301086426,0.3834354877471924,0.2947690486907959,0.24111652374267575,0.3168365955352783,0.34731245040893555,0.19501972198486328,0.26369547843933105,0.23633170127868652,0.2350473403930664,0.2532613277435303,0.31004977226257324,0.2407073974609375]","0.5707195800542831","","","","","",""
"celestial-sweep-7","finished","-","anna_korotkova","","2020-07-30T15:07:01.000Z","2478","b01o28w9","[""cpu"",0]","0.000001","/home/ubuntu/RTE","false","false","true","false","true","1000","true","5","false","O1","1","0.00005","-1","runs/Jul30_15-07-02_anna-gpu","false","50","1","128","-1","roberta-base","false","1","/tmp/RTE/","true","-1","8","8","","500","42","RTE","false","0","0.01","","1","0.4729241877256318","0.693392276763916","480.8499674797058","[504.4158742427826,488.70841121673584,480.8499674797058,492.5803234577179,488.2445404529571]","0.18523669242858887","[0.3487703800201416,0.24598407745361328,0.2137737274169922,0.211714506149292,0.19207406044006348,0.20617890357971191,0.20214438438415527,0.2942774295806885,0.24444079399108887,0.1877727508544922,0.1868185997009277,0.18745112419128415,0.18751144409179688,0.2606830596923828,0.19393515586853027,0.18706297874450684,0.18523669242858887,0.2349414825439453,0.18658971786499023,0.20073175430297852,0.19234395027160645,0.18633174896240232,0.18896961212158203,0.21378087997436523,0.1965758800506592,0.18728423118591309,0.1874639987945557,0.21980738639831543,0.18913912773132324,0.19960951805114743,0.2097771167755127,0.19110846519470215,0.2027289867401123,0.2098784446716309,0.24744391441345215,0.3627147674560547,0.18760919570922852,0.19473576545715332,0.21863913536071777,0.2182157039642334,0.1947917938232422,0.19637751579284668,0.20464468002319336,0.1868417263031006,0.2812821865081787,0.27103137969970703,0.3119945526123047,0.21329569816589355,0.20312285423278809,0.23081135749816897,0.19130659103393555,0.20344233512878415,0.19384288787841797,0.2749142646789551,0.20406341552734375,0.19763922691345215,0.24010968208312988,0.19988369941711423,0.1987614631652832,0.2143712043762207,0.19135379791259768,0.2018282413482666,0.2000751495361328,0.1966228485107422,0.20406842231750488,0.1892449855804443,0.2133848667144775,0.2031764984130859,0.19166946411132812,0.28459835052490234]","0.693705803155899","","","","","",""
"ethereal-sweep-6","finished","-","anna_korotkova","","2020-07-30T14:52:39.000Z","855","b01o28w9","[""cpu"",0]","0.000001","/home/ubuntu/RTE","false","false","true","false","true","1000","true","5","false","O1","1","0.00005","-1","runs/Jul30_14-52-40_anna-gpu","false","50","1","128","-1","distilbert-base-uncased","false","1","/tmp/RTE/","true","-1","8","32","","500","42","RTE","false","0","0.01","","1","0.5703971119133574","0.6842304246766227","166.2212963104248","[173.44657588005066,166.74163484573364,166.2212963104248,167.2895545959473,166.41345620155334]","0.09572696685791016","[0.18744778633117676,0.11428618431091309,0.19284796714782715,0.1624581813812256,0.11488604545593262,0.13388562202453613,0.1284348964691162,0.11908340454101562,0.11550068855285645,0.10498046875,0.11337161064147948,0.09842920303344728,0.11943745613098145,0.1229085922241211,0.11228489875793456,0.10774517059326172,0.1186654567718506,0.1287062168121338,0.1146085262298584,0.102095365524292,0.1116492748260498,0.10492849349975586,0.10236287117004396,0.11392879486083984,0.1101698875427246,0.11472392082214355,0.09572696685791016,0.09850597381591795,0.09991955757141112,0.09765934944152832,0.10144805908203124,0.09642457962036131,0.09756207466125488,0.0959174633026123,0.13605666160583496]","0.5179377436637879","","","","","",""
"sunny-sweep-5","finished","-","anna_korotkova","","2020-07-30T14:35:48.000Z","1010","b01o28w9","[""cpu"",0]","0.000001","/home/ubuntu/RTE","false","false","true","false","true","1000","true","5","false","O1","1","0.00005","-1","runs/Jul30_14-35-49_anna-gpu","false","50","1","128","-1","distilbert-base-uncased","false","1","/tmp/RTE/","true","-1","8","16","","500","42","RTE","false","0","0.01","","1","0.6137184115523465","0.6805930716650826","194.96947264671329","[201.50358271598816,201.4239902496338,194.96947264671329,198.2624955177307,199.85465240478516]","0.09424400329589844","[0.1996312141418457,0.17057132720947266,0.11659383773803712,0.09905791282653809,0.11066198348999023,0.09528064727783205,0.10367774963378906,0.14256882667541504,0.1033000946044922,0.13239574432373047,0.11117935180664062,0.0960688591003418,0.0982050895690918,0.11805438995361328,0.09424400329589844,0.0962526798248291,0.09662103652954102,0.09629964828491212,0.09908819198608398,0.10301518440246582,0.0948617458343506,0.09462237358093262,0.1307361125946045,0.12750911712646484,0.13384652137756348,0.10898685455322266,0.09915804862976074,0.0995192527770996,0.09921431541442872,0.09893178939819336,0.09930658340454102,0.17187118530273438,0.17246389389038086,0.0984046459197998,0.14012718200683594]","0.6648293018341065","","","","","",""
"generous-sweep-4","finished","-","anna_korotkova","","2020-07-30T14:14:41.000Z","1264","b01o28w9","[""cpu"",0]","0.000001","/home/ubuntu/RTE","false","false","true","false","true","1000","true","5","false","O1","1","0.00005","-1","runs/Jul30_14-14-43_anna-gpu","false","50","1","128","-1","distilbert-base-uncased","false","1","/tmp/RTE/","true","-1","8","8","","500","42","RTE","false","0","0.01","","1","0.5992779783393501","0.6829275012016296","245.62599205970764","[248.91391944885257,249.06150650978088,250.8071870803833,254.78823947906497,245.62599205970764]","0.09572815895080566","[0.1745436191558838,0.09917426109313963,0.10113906860351562,0.09695696830749512,0.09964561462402344,0.09891033172607422,0.11272430419921876,0.09704899787902832,0.10463547706604004,0.11751532554626463,0.17230868339538574,0.17769956588745117,0.09872817993164062,0.10158467292785645,0.0974736213684082,0.10065150260925292,0.1769559383392334,0.16106724739074707,0.0970916748046875,0.10018110275268556,0.0985257625579834,0.09915900230407716,0.09635543823242188,0.14550995826721191,0.13026928901672363,0.1274721622467041,0.09572815895080566,0.10370326042175292,0.11962437629699708,0.10691547393798828,0.1686413288116455,0.09829473495483398,0.0962684154510498,0.0972602367401123,0.16054534912109375,0.2149531841278076,0.11689162254333496,0.10512304306030272,0.10206317901611328,0.16066813468933103,0.10730695724487305,0.09785723686218262,0.09892988204956056,0.12997841835021973,0.10968899726867676,0.10165643692016602,0.1104605197906494,0.10020041465759276,0.11475157737731934,0.09826278686523438,0.11199736595153809,0.12003135681152344,0.12230682373046876,0.1046907901763916,0.09786820411682128,0.09735321998596191,0.09929609298706056,0.09587764739990234,0.09648847579956056,0.09726333618164062,0.09745979309082033,0.0975778102874756,0.21703696250915527,0.10357093811035156,0.10383367538452148,0.10061335563659668,0.09673190116882324,0.12065529823303224,0.1175990104675293,0.12963008880615234]","0.6686752080917359","","","","","",""
"honest-sweep-3","finished","-","anna_korotkova","","2020-07-30T13:47:48.000Z","1608","b01o28w9","[""cpu"",0]","0.000001","/home/ubuntu/RTE","false","false","true","false","true","1000","true","5","false","O1","1","0.00005","-1","runs/Jul30_13-47-49_anna-gpu","false","50","1","128","-1","bert-base-uncased","false","1","/tmp/RTE/","true","-1","8","32","","500","42","RTE","false","0","0.01","","1","0.6137184115523465","0.6398588461535317","311.81016302108765","[328.02363872528076,315.8574597835541,316.8361210823059,314.67042231559753,311.81016302108765]","0.18349170684814453","[0.31237030029296875,0.20496702194213867,0.18594074249267575,0.1842789649963379,0.18917274475097656,0.18434691429138184,0.27548718452453613,0.19811248779296875,0.22312116622924805,0.23412442207336423,0.1857616901397705,0.24879908561706543,0.1919238567352295,0.2037355899810791,0.18369388580322263,0.19264483451843264,0.1934816837310791,0.23366332054138184,0.18349170684814453,0.23413729667663577,0.21309375762939453,0.19414424896240232,0.18661141395568848,0.22411179542541504,0.25913476943969727,0.5072383880615234,0.3128683567047119,0.22067713737487793,0.35563182830810547,0.1848139762878418,0.32135581970214844,0.3265647888183594,0.2275228500366211,0.24674320220947263,0.2481369972229004]","0.4506327158212662","","","","","",""
"royal-sweep-2","finished","-","anna_korotkova","","2020-07-30T13:16:29.000Z","1874","b01o28w9","[""cpu"",0]","0.000001","/home/ubuntu/RTE","false","false","true","false","true","1000","true","5","false","O1","1","0.00005","-1","runs/Jul30_13-16-30_anna-gpu","false","50","1","128","-1","bert-base-uncased","false","1","/tmp/RTE/","true","-1","8","16","","500","42","RTE","false","0","0.01","","1","0.6678700361010831","0.6210154022489275","365.3998031616211","[379.9071242809296,370.79578495025635,365.3998031616211,370.9166972637177,366.3446900844574]","0.18421339988708496","[0.31821703910827637,0.2744104862213135,0.19948863983154297,0.184859037399292,0.1858658790588379,0.18421339988708496,0.20676445960998535,0.1973099708557129,0.222764253616333,0.1952910423278809,0.1982271671295166,0.25792717933654785,0.21964597702026367,0.2368321418762207,0.1938183307647705,0.19309163093566897,0.2431480884552002,0.1857814788818359,0.19991636276245117,0.24623966217041016,0.2548367977142334,0.4848523139953614,0.4016268253326416,0.3966410160064697,0.471907377243042,0.3582890033721924,0.23421430587768555,0.2669196128845215,0.338850736618042,0.22487735748291016,0.2640070915222168,0.4791336059570313,0.5164124965667725,0.22975754737854004,0.2855367660522461]","0.5123811894655228","","","","","",""
"honest-sweep-1","finished","-","anna_korotkova","","2020-07-30T12:35:57.000Z","2427","b01o28w9","[""cpu"",0]","0.000001","/home/ubuntu/RTE","false","false","true","false","true","1000","true","5","false","O1","1","0.00005","-1","runs/Jul30_12-35-59_anna-gpu","false","50","1","128","-1","bert-base-uncased","false","1","/tmp/RTE/","true","-1","8","8","","500","42","RTE","false","0","0.01","","1","0.6353790613718412","0.637827033655984","478.4390425682068","[489.4455766677856,478.514963388443,478.7840657234192,480.49122619628906,478.4390425682068]","0.1861093044281006","[0.4399762153625488,0.2121412754058838,0.19224095344543457,0.25016236305236816,0.19658136367797852,0.1922035217285156,0.1916360855102539,0.22183871269226071,0.20124411582946777,0.203200101852417,0.2210521697998047,0.2164769172668457,0.19189238548278809,0.22110247611999512,0.2367537021636963,0.2314624786376953,0.1876280307769775,0.20054244995117188,0.22853517532348633,0.201427698135376,0.19185471534729004,0.19071006774902344,0.19612383842468264,0.19051742553710935,0.1925179958343506,0.23602843284606936,0.2515859603881836,0.2141885757446289,0.2255692481994629,0.2210695743560791,0.1863422393798828,0.1861977577209473,0.1879572868347168,0.29256629943847656,0.25342488288879395,0.4486663341522217,0.23157310485839844,0.22388625144958496,0.25341033935546875,0.2515721321105957,0.22741055488586423,0.1882495880126953,0.25480055809020996,0.2588045597076416,0.2601900100708008,0.19811606407165527,0.1861093044281006,0.3366367816925049,0.19541072845458984,0.31135129928588867,0.4296717643737793,0.4068572521209717,0.28752970695495605,0.19678425788879397,0.24402928352355957,0.18770885467529297,0.2723960876464844,0.25202441215515137,0.21297025680541992,0.2264254093170166,0.4158327579498291,0.22608518600463867,0.22618579864501953,0.3158540725708008,0.21832799911499023,0.2488250732421875,0.3087482452392578,0.2789180278778076,0.2861440181732178,0.28818607330322266]","0.5294479525089264","","","","","",""